--------------------------------------------------------
--  文件已创建 - 星期五-七月-17-2020   
--------------------------------------------------------
--------------------------------------------------------
--  DDL for Table MEMBER
--------------------------------------------------------

  CREATE TABLE "MEMBER" 
   (	"ID" VARCHAR2(32 BYTE) DEFAULT SYS_GUID(), 
	"NAME" VARCHAR2(20 BYTE), 
	"NICKNAME" VARCHAR2(20 BYTE), 
	"PHONENUM" VARCHAR2(20 BYTE), 
	"EMAIL" VARCHAR2(20 BYTE)
   ) SEGMENT CREATION IMMEDIATE 
  PCTFREE 10 PCTUSED 40 INITRANS 1 MAXTRANS 255 
 NOCOMPRESS LOGGING
  STORAGE(INITIAL 65536 NEXT 1048576 MINEXTENTS 1 MAXEXTENTS 2147483645
  PCTINCREASE 0 FREELISTS 1 FREELIST GROUPS 1
  BUFFER_POOL DEFAULT FLASH_CACHE DEFAULT CELL_FLASH_CACHE DEFAULT)
  TABLESPACE "USERS" ;
--------------------------------------------------------
--  DDL for Table ORDERS
--------------------------------------------------------

  CREATE TABLE "SSM"."ORDERS" 
   (	"ID" VARCHAR2(32 BYTE) DEFAULT SYS_GUID(), 
	"ORDERNUM" VARCHAR2(20 BYTE), 
	"ORDERTIME" TIMESTAMP (6), 
	"PEOPLECOUNT" NUMBER(*,0), 
	"ORDERDESC" VARCHAR2(500 BYTE), 
	"PAYTYPE" NUMBER(*,0), 
	"ORDERSTATUS" NUMBER(*,0), 
	"PRODUCTID" VARCHAR2(32 BYTE), 
	"MEMBERID" VARCHAR2(32 BYTE)
   ) SEGMENT CREATION IMMEDIATE 
  PCTFREE 10 PCTUSED 40 INITRANS 1 MAXTRANS 255 
 NOCOMPRESS LOGGING
  STORAGE(INITIAL 65536 NEXT 1048576 MINEXTENTS 1 MAXEXTENTS 2147483645
  PCTINCREASE 0 FREELISTS 1 FREELIST GROUPS 1
  BUFFER_POOL DEFAULT FLASH_CACHE DEFAULT CELL_FLASH_CACHE DEFAULT)
  TABLESPACE "USERS" ;
--------------------------------------------------------
--  DDL for Table ORDER_TRAVELLER
--------------------------------------------------------

  CREATE TABLE "SSM"."ORDER_TRAVELLER" 
   (	"ORDERID" VARCHAR2(32 BYTE), 
	"TRAVELLERID" VARCHAR2(32 BYTE)
   ) SEGMENT CREATION IMMEDIATE 
  PCTFREE 10 PCTUSED 40 INITRANS 1 MAXTRANS 255 
 NOCOMPRESS LOGGING
  STORAGE(INITIAL 65536 NEXT 1048576 MINEXTENTS 1 MAXEXTENTS 2147483645
  PCTINCREASE 0 FREELISTS 1 FREELIST GROUPS 1
  BUFFER_POOL DEFAULT FLASH_CACHE DEFAULT CELL_FLASH_CACHE DEFAULT)
  TABLESPACE "USERS" ;
--------------------------------------------------------
--  DDL for Table PERMISSION
--------------------------------------------------------

  CREATE TABLE "SSM"."PERMISSION" 
   (	"ID" VARCHAR2(32 BYTE) DEFAULT SYS_GUID(), 
	"PERMISSIONNAME" VARCHAR2(50 BYTE), 
	"URL" VARCHAR2(50 BYTE)
   ) SEGMENT CREATION IMMEDIATE 
  PCTFREE 10 PCTUSED 40 INITRANS 1 MAXTRANS 255 
 NOCOMPRESS LOGGING
  STORAGE(INITIAL 65536 NEXT 1048576 MINEXTENTS 1 MAXEXTENTS 2147483645
  PCTINCREASE 0 FREELISTS 1 FREELIST GROUPS 1
  BUFFER_POOL DEFAULT FLASH_CACHE DEFAULT CELL_FLASH_CACHE DEFAULT)
  TABLESPACE "USERS" ;
--------------------------------------------------------
--  DDL for Table PRODUCT
--------------------------------------------------------

  CREATE TABLE "SSM"."PRODUCT" 
   (	"ID" VARCHAR2(32 BYTE) DEFAULT SYS_GUID(), 
	"PRODUCTNUM" VARCHAR2(50 BYTE), 
	"PRODUCTNAME" VARCHAR2(50 BYTE), 
	"CITYNAME" VARCHAR2(50 BYTE), 
	"DEPARTURETIME" TIMESTAMP (6), 
	"PRODUCTPRICE" NUMBER, 
	"PRODUCTDESC" VARCHAR2(500 BYTE), 
	"PRODUCTSTATUS" NUMBER(*,0)
   ) SEGMENT CREATION IMMEDIATE 
  PCTFREE 10 PCTUSED 40 INITRANS 1 MAXTRANS 255 
 NOCOMPRESS LOGGING
  STORAGE(INITIAL 65536 NEXT 1048576 MINEXTENTS 1 MAXEXTENTS 2147483645
  PCTINCREASE 0 FREELISTS 1 FREELIST GROUPS 1
  BUFFER_POOL DEFAULT FLASH_CACHE DEFAULT CELL_FLASH_CACHE DEFAULT)
  TABLESPACE "USERS" ;
--------------------------------------------------------
--  DDL for Table ROLE
--------------------------------------------------------

  CREATE TABLE "SSM"."ROLE" 
   (	"ID" VARCHAR2(32 BYTE) DEFAULT SYS_GUID(), 
	"ROLENAME" VARCHAR2(50 BYTE), 
	"ROLEDESC" VARCHAR2(50 BYTE)
   ) SEGMENT CREATION IMMEDIATE 
  PCTFREE 10 PCTUSED 40 INITRANS 1 MAXTRANS 255 
 NOCOMPRESS LOGGING
  STORAGE(INITIAL 65536 NEXT 1048576 MINEXTENTS 1 MAXEXTENTS 2147483645
  PCTINCREASE 0 FREELISTS 1 FREELIST GROUPS 1
  BUFFER_POOL DEFAULT FLASH_CACHE DEFAULT CELL_FLASH_CACHE DEFAULT)
  TABLESPACE "USERS" ;
--------------------------------------------------------
--  DDL for Table ROLE_PERMISSION
--------------------------------------------------------

  CREATE TABLE "SSM"."ROLE_PERMISSION" 
   (	"PERMISSIONID" VARCHAR2(32 BYTE), 
	"ROLEID" VARCHAR2(32 BYTE)
   ) SEGMENT CREATION IMMEDIATE 
  PCTFREE 10 PCTUSED 40 INITRANS 1 MAXTRANS 255 
 NOCOMPRESS LOGGING
  STORAGE(INITIAL 65536 NEXT 1048576 MINEXTENTS 1 MAXEXTENTS 2147483645
  PCTINCREASE 0 FREELISTS 1 FREELIST GROUPS 1
  BUFFER_POOL DEFAULT FLASH_CACHE DEFAULT CELL_FLASH_CACHE DEFAULT)
  TABLESPACE "USERS" ;
--------------------------------------------------------
--  DDL for Table SYSLOG
--------------------------------------------------------

  CREATE TABLE "SSM"."SYSLOG" 
   (	"ID" VARCHAR2(32 BYTE) DEFAULT SYS_GUID(), 
	"VISITTIME" TIMESTAMP (6), 
	"USERNAME" VARCHAR2(50 BYTE), 
	"IP" VARCHAR2(30 BYTE), 
	"URL" VARCHAR2(50 BYTE), 
	"EXECUTIONTIME" NUMBER(*,0), 
	"METHOD" VARCHAR2(200 BYTE)
   ) SEGMENT CREATION IMMEDIATE 
  PCTFREE 10 PCTUSED 40 INITRANS 1 MAXTRANS 255 
 NOCOMPRESS LOGGING
  STORAGE(INITIAL 65536 NEXT 1048576 MINEXTENTS 1 MAXEXTENTS 2147483645
  PCTINCREASE 0 FREELISTS 1 FREELIST GROUPS 1
  BUFFER_POOL DEFAULT FLASH_CACHE DEFAULT CELL_FLASH_CACHE DEFAULT)
  TABLESPACE "USERS" ;
--------------------------------------------------------
--  DDL for Table TRAVELLER
--------------------------------------------------------

  CREATE TABLE "SSM"."TRAVELLER" 
   (	"ID" VARCHAR2(32 BYTE) DEFAULT SYS_GUID(), 
	"NAME" VARCHAR2(20 BYTE), 
	"SEX" VARCHAR2(20 BYTE), 
	"PHONENUM" VARCHAR2(20 BYTE), 
	"CREDENTIALSTYPE" NUMBER(*,0), 
	"CREDENTIALSNUM" VARCHAR2(50 BYTE), 
	"TRAVELLERTYPE" NUMBER(*,0)
   ) SEGMENT CREATION IMMEDIATE 
  PCTFREE 10 PCTUSED 40 INITRANS 1 MAXTRANS 255 
 NOCOMPRESS LOGGING
  STORAGE(INITIAL 65536 NEXT 1048576 MINEXTENTS 1 MAXEXTENTS 2147483645
  PCTINCREASE 0 FREELISTS 1 FREELIST GROUPS 1
  BUFFER_POOL DEFAULT FLASH_CACHE DEFAULT CELL_FLASH_CACHE DEFAULT)
  TABLESPACE "USERS" ;
--------------------------------------------------------
--  DDL for Table USERS
--------------------------------------------------------

  CREATE TABLE "SSM"."USERS" 
   (	"ID" VARCHAR2(32 BYTE) DEFAULT SYS_GUID(), 
	"EMAIL" VARCHAR2(50 BYTE), 
	"USERNAME" VARCHAR2(100 BYTE), 
	"PASSWORD" VARCHAR2(100 BYTE), 
	"PHONENUM" VARCHAR2(20 BYTE), 
	"STATUS" NUMBER(*,0)
   ) SEGMENT CREATION IMMEDIATE 
  PCTFREE 10 PCTUSED 40 INITRANS 1 MAXTRANS 255 
 NOCOMPRESS LOGGING
  STORAGE(INITIAL 65536 NEXT 1048576 MINEXTENTS 1 MAXEXTENTS 2147483645
  PCTINCREASE 0 FREELISTS 1 FREELIST GROUPS 1
  BUFFER_POOL DEFAULT FLASH_CACHE DEFAULT CELL_FLASH_CACHE DEFAULT)
  TABLESPACE "USERS" ;
--------------------------------------------------------
--  DDL for Table USERS_ROLE
--------------------------------------------------------

  CREATE TABLE "SSM"."USERS_ROLE" 
   (	"USERID" VARCHAR2(32 BYTE), 
	"ROLEID" VARCHAR2(32 BYTE)
   ) SEGMENT CREATION IMMEDIATE 
  PCTFREE 10 PCTUSED 40 INITRANS 1 MAXTRANS 255 
 NOCOMPRESS LOGGING
  STORAGE(INITIAL 65536 NEXT 1048576 MINEXTENTS 1 MAXEXTENTS 2147483645
  PCTINCREASE 0 FREELISTS 1 FREELIST GROUPS 1
  BUFFER_POOL DEFAULT FLASH_CACHE DEFAULT CELL_FLASH_CACHE DEFAULT)
  TABLESPACE "USERS" ;
REM INSERTING into SSM.MEMBER
SET DEFINE OFF;
Insert into SSM.MEMBER (ID,NAME,NICKNAME,PHONENUM,EMAIL) values ('E61D65F673D54F68B0861025C69773DB','寮涓','灏涓','18888888888','zs@163.com');
REM INSERTING into SSM.ORDERS
SET DEFINE OFF;
Insert into SSM.ORDERS (ID,ORDERNUM,ORDERTIME,PEOPLECOUNT,ORDERDESC,PAYTYPE,ORDERSTATUS,PRODUCTID,MEMBERID) values ('0E7231DC797C486290E8713CA3C6ECCC','12345',to_timestamp('02-3月 -18 12.00.00.000000000 下午','DD-MON-RR HH.MI.SSXFF AM'),2,'娌′涔?',0,1,'676C5BD1D35E429A8C2E114939C5685A','E61D65F673D54F68B0861025C69773DB');
Insert into SSM.ORDERS (ID,ORDERNUM,ORDERTIME,PEOPLECOUNT,ORDERDESC,PAYTYPE,ORDERSTATUS,PRODUCTID,MEMBERID) values ('5DC6A48DD4E94592AE904930EA866AFA','54321',to_timestamp('02-3月 -18 12.00.00.000000000 下午','DD-MON-RR HH.MI.SSXFF AM'),2,'娌′涔?',0,1,'676C5BD1D35E429A8C2E114939C5685A','E61D65F673D54F68B0861025C69773DB');
Insert into SSM.ORDERS (ID,ORDERNUM,ORDERTIME,PEOPLECOUNT,ORDERDESC,PAYTYPE,ORDERSTATUS,PRODUCTID,MEMBERID) values ('2FF351C4AC744E2092DCF08CFD314420','67890',to_timestamp('02-3月 -18 12.00.00.000000000 下午','DD-MON-RR HH.MI.SSXFF AM'),2,'娌′涔?',0,1,'12B7ABF2A4C544568B0A7C69F36BF8B7','E61D65F673D54F68B0861025C69773DB');
Insert into SSM.ORDERS (ID,ORDERNUM,ORDERTIME,PEOPLECOUNT,ORDERDESC,PAYTYPE,ORDERSTATUS,PRODUCTID,MEMBERID) values ('A0657832D93E4B10AE88A2D4B70B1A28','98765',to_timestamp('02-3月 -18 12.00.00.000000000 下午','DD-MON-RR HH.MI.SSXFF AM'),2,'娌′涔?',0,1,'12B7ABF2A4C544568B0A7C69F36BF8B7','E61D65F673D54F68B0861025C69773DB');
Insert into SSM.ORDERS (ID,ORDERNUM,ORDERTIME,PEOPLECOUNT,ORDERDESC,PAYTYPE,ORDERSTATUS,PRODUCTID,MEMBERID) values ('E4DD4C45EED84870ABA83574A801083E','11111',to_timestamp('02-3月 -18 12.00.00.000000000 下午','DD-MON-RR HH.MI.SSXFF AM'),2,'娌′涔?',0,1,'12B7ABF2A4C544568B0A7C69F36BF8B7','E61D65F673D54F68B0861025C69773DB');
Insert into SSM.ORDERS (ID,ORDERNUM,ORDERTIME,PEOPLECOUNT,ORDERDESC,PAYTYPE,ORDERSTATUS,PRODUCTID,MEMBERID) values ('96CC8BD43C734CC2ACBFF09501B4DD5D','22222',to_timestamp('02-3月 -18 12.00.00.000000000 下午','DD-MON-RR HH.MI.SSXFF AM'),2,'娌′涔?',0,1,'12B7ABF2A4C544568B0A7C69F36BF8B7','E61D65F673D54F68B0861025C69773DB');
Insert into SSM.ORDERS (ID,ORDERNUM,ORDERTIME,PEOPLECOUNT,ORDERDESC,PAYTYPE,ORDERSTATUS,PRODUCTID,MEMBERID) values ('55F9AF582D5A4DB28FB4EC3199385762','33333',to_timestamp('02-3月 -18 12.00.00.000000000 下午','DD-MON-RR HH.MI.SSXFF AM'),2,'娌′涔?',0,1,'9F71F01CB448476DAFB309AA6DF9497F','E61D65F673D54F68B0861025C69773DB');
Insert into SSM.ORDERS (ID,ORDERNUM,ORDERTIME,PEOPLECOUNT,ORDERDESC,PAYTYPE,ORDERSTATUS,PRODUCTID,MEMBERID) values ('CA005CF1BE3C4EF68F88ABC7DF30E976','44444',to_timestamp('02-3月 -18 12.00.00.000000000 下午','DD-MON-RR HH.MI.SSXFF AM'),2,'娌′涔?',0,1,'9F71F01CB448476DAFB309AA6DF9497F','E61D65F673D54F68B0861025C69773DB');
Insert into SSM.ORDERS (ID,ORDERNUM,ORDERTIME,PEOPLECOUNT,ORDERDESC,PAYTYPE,ORDERSTATUS,PRODUCTID,MEMBERID) values ('3081770BC3984EF092D9E99760FDABDE','55555',to_timestamp('02-3月 -18 12.00.00.000000000 下午','DD-MON-RR HH.MI.SSXFF AM'),2,'娌′涔?',0,1,'9F71F01CB448476DAFB309AA6DF9497F','E61D65F673D54F68B0861025C69773DB');
REM INSERTING into SSM.ORDER_TRAVELLER
SET DEFINE OFF;
Insert into SSM.ORDER_TRAVELLER (ORDERID,TRAVELLERID) values ('0E7231DC797C486290E8713CA3C6ECCC','3FE27DF2A4E44A6DBC5D0FE4651D3D3E');
Insert into SSM.ORDER_TRAVELLER (ORDERID,TRAVELLERID) values ('2FF351C4AC744E2092DCF08CFD314420','3FE27DF2A4E44A6DBC5D0FE4651D3D3E');
Insert into SSM.ORDER_TRAVELLER (ORDERID,TRAVELLERID) values ('3081770BC3984EF092D9E99760FDABDE','EE7A71FB6945483FBF91543DBE851960');
Insert into SSM.ORDER_TRAVELLER (ORDERID,TRAVELLERID) values ('55F9AF582D5A4DB28FB4EC3199385762','EE7A71FB6945483FBF91543DBE851960');
Insert into SSM.ORDER_TRAVELLER (ORDERID,TRAVELLERID) values ('5DC6A48DD4E94592AE904930EA866AFA','3FE27DF2A4E44A6DBC5D0FE4651D3D3E');
Insert into SSM.ORDER_TRAVELLER (ORDERID,TRAVELLERID) values ('96CC8BD43C734CC2ACBFF09501B4DD5D','EE7A71FB6945483FBF91543DBE851960');
Insert into SSM.ORDER_TRAVELLER (ORDERID,TRAVELLERID) values ('A0657832D93E4B10AE88A2D4B70B1A28','3FE27DF2A4E44A6DBC5D0FE4651D3D3E');
Insert into SSM.ORDER_TRAVELLER (ORDERID,TRAVELLERID) values ('CA005CF1BE3C4EF68F88ABC7DF30E976','EE7A71FB6945483FBF91543DBE851960');
Insert into SSM.ORDER_TRAVELLER (ORDERID,TRAVELLERID) values ('E4DD4C45EED84870ABA83574A801083E','EE7A71FB6945483FBF91543DBE851960');
REM INSERTING into SSM.PERMISSION
SET DEFINE OFF;
Insert into SSM.PERMISSION (ID,PERMISSIONNAME,URL) values ('A830A35E1B8140D3A2C327007B9A7C53','123','456');
Insert into SSM.PERMISSION (ID,PERMISSIONNAME,URL) values ('55CF98DC63604F4AB8DD6460C501486E','123','4563');
Insert into SSM.PERMISSION (ID,PERMISSIONNAME,URL) values ('5B50197A4A7F41F78C88D5E13F3AEF5E','user-findAll','/user/findAll.do');
Insert into SSM.PERMISSION (ID,PERMISSIONNAME,URL) values ('D8AC7A0F739F40A4B8162FF245EE12E1','user-findById','/user/findByID.do');
REM INSERTING into SSM.PRODUCT
SET DEFINE OFF;
Insert into SSM.PRODUCT (ID,PRODUCTNUM,PRODUCTNAME,CITYNAME,DEPARTURETIME,PRODUCTPRICE,PRODUCTDESC,PRODUCTSTATUS) values ('C95D18ECE1DE40C693D8428C06092EDB','fffffffaadads','小酒馆我来了','成都',to_timestamp('31-12月-99 12.00.00.000000000 上午','DD-MON-RR HH.MI.SSXFF AM'),800,'aaaaa',0);
Insert into SSM.PRODUCT (ID,PRODUCTNUM,PRODUCTNAME,CITYNAME,DEPARTURETIME,PRODUCTPRICE,PRODUCTDESC,PRODUCTSTATUS) values ('45918363EE9D4C65BA651780C68F36E6','tiansan','雪域天山','成都',to_timestamp('26-6月 -20 03.55.00.000000000 下午','DD-MON-RR HH.MI.SSXFF AM'),1800,'雪域天山 人间仙境
',0);
Insert into SSM.PRODUCT (ID,PRODUCTNUM,PRODUCTNAME,CITYNAME,DEPARTURETIME,PRODUCTPRICE,PRODUCTDESC,PRODUCTSTATUS) values ('12B7ABF2A4C544568B0A7C69F36BF8B7','itcast-003','上海五日游','上海',to_timestamp('25-4月 -18 02.30.00.000000000 下午','DD-MON-RR HH.MI.SSXFF AM'),1800,'魔都我来了',0);
Insert into SSM.PRODUCT (ID,PRODUCTNUM,PRODUCTNAME,CITYNAME,DEPARTURETIME,PRODUCTPRICE,PRODUCTDESC,PRODUCTSTATUS) values ('9F71F01CB448476DAFB309AA6DF9497F','itcast-001','北京三日游','北京',to_timestamp('10-10月-18 10.10.00.000000000 上午','DD-MON-RR HH.MI.SSXFF AM'),1200,'不错的旅行',1);
Insert into SSM.PRODUCT (ID,PRODUCTNUM,PRODUCTNAME,CITYNAME,DEPARTURETIME,PRODUCTPRICE,PRODUCTDESC,PRODUCTSTATUS) values ('676C5BD1D35E429A8C2E114939C5685A','itcast-002','北京三日游','北京',to_timestamp('10-10月-18 10.10.00.000000000 上午','DD-MON-RR HH.MI.SSXFF AM'),1200,'不错的旅行',1);
REM INSERTING into SSM.ROLE
SET DEFINE OFF;
Insert into SSM.ROLE (ID,ROLENAME,ROLEDESC) values ('743D68A9CD0B489E8E94E9E30CC71AE9','SUPERADMIN','超级管理员');
Insert into SSM.ROLE (ID,ROLENAME,ROLEDESC) values ('1111','ADMIN','vip');
Insert into SSM.ROLE (ID,ROLENAME,ROLEDESC) values ('2222','USER','vip');
REM INSERTING into SSM.ROLE_PERMISSION
SET DEFINE OFF;
Insert into SSM.ROLE_PERMISSION (PERMISSIONID,ROLEID) values ('55CF98DC63604F4AB8DD6460C501486E','743D68A9CD0B489E8E94E9E30CC71AE9');
Insert into SSM.ROLE_PERMISSION (PERMISSIONID,ROLEID) values ('5B50197A4A7F41F78C88D5E13F3AEF5E','1111');
Insert into SSM.ROLE_PERMISSION (PERMISSIONID,ROLEID) values ('5B50197A4A7F41F78C88D5E13F3AEF5E','2222');
Insert into SSM.ROLE_PERMISSION (PERMISSIONID,ROLEID) values ('5B50197A4A7F41F78C88D5E13F3AEF5E','743D68A9CD0B489E8E94E9E30CC71AE9');
Insert into SSM.ROLE_PERMISSION (PERMISSIONID,ROLEID) values ('A830A35E1B8140D3A2C327007B9A7C53','743D68A9CD0B489E8E94E9E30CC71AE9');
Insert into SSM.ROLE_PERMISSION (PERMISSIONID,ROLEID) values ('D8AC7A0F739F40A4B8162FF245EE12E1','1111');
Insert into SSM.ROLE_PERMISSION (PERMISSIONID,ROLEID) values ('D8AC7A0F739F40A4B8162FF245EE12E1','743D68A9CD0B489E8E94E9E30CC71AE9');
REM INSERTING into SSM.SYSLOG
SET DEFINE OFF;
Insert into SSM.SYSLOG (ID,VISITTIME,USERNAME,IP,URL,EXECUTIONTIME,METHOD) values ('54585CC71B8443EF9CD336DAF768617B',to_timestamp('17-7月 -20 09.55.56.470000000 上午','DD-MON-RR HH.MI.SSXFF AM'),'tom','0:0:0:0:0:0:0:1','/role/findAll.do',12,'[类名]com.jlyk.controller.RoleController[方法名]findAll');
Insert into SSM.SYSLOG (ID,VISITTIME,USERNAME,IP,URL,EXECUTIONTIME,METHOD) values ('9AE7008D6FA04379820AC8E1F8D84CB7',to_timestamp('17-7月 -20 09.56.01.550000000 上午','DD-MON-RR HH.MI.SSXFF AM'),'tom','0:0:0:0:0:0:0:1','/role/findById.do',4,'[类名]com.jlyk.controller.RoleController[方法名]findById');
Insert into SSM.SYSLOG (ID,VISITTIME,USERNAME,IP,URL,EXECUTIONTIME,METHOD) values ('889A3E2C92FB41B090303BAC27C9F7CC',to_timestamp('17-7月 -20 09.56.03.024000000 上午','DD-MON-RR HH.MI.SSXFF AM'),'tom','0:0:0:0:0:0:0:1','/role/findAll.do',8,'[类名]com.jlyk.controller.RoleController[方法名]findAll');
Insert into SSM.SYSLOG (ID,VISITTIME,USERNAME,IP,URL,EXECUTIONTIME,METHOD) values ('326EF662438044408D55772737C2A21A',to_timestamp('17-7月 -20 09.56.05.205000000 上午','DD-MON-RR HH.MI.SSXFF AM'),'tom','0:0:0:0:0:0:0:1','/permission/findAll.do',7,'[类名]com.jlyk.controller.PermissionController[方法名]findAll');
Insert into SSM.SYSLOG (ID,VISITTIME,USERNAME,IP,URL,EXECUTIONTIME,METHOD) values ('8F8B6EDB6EAE4CB395E85A5E3B8041F9',to_timestamp('17-7月 -20 09.56.06.373000000 上午','DD-MON-RR HH.MI.SSXFF AM'),'tom','0:0:0:0:0:0:0:1','/role/findById.do',2,'[类名]com.jlyk.controller.RoleController[方法名]findById');
Insert into SSM.SYSLOG (ID,VISITTIME,USERNAME,IP,URL,EXECUTIONTIME,METHOD) values ('4DD6A8A4FB30449C8E09130DC508FDF1',to_timestamp('17-7月 -20 09.56.09.991000000 上午','DD-MON-RR HH.MI.SSXFF AM'),'tom','0:0:0:0:0:0:0:1','/permission/findAll.do',3,'[类名]com.jlyk.controller.PermissionController[方法名]findAll');
Insert into SSM.SYSLOG (ID,VISITTIME,USERNAME,IP,URL,EXECUTIONTIME,METHOD) values ('0275FA21F6FF4643873AB3FC91C971C7',to_timestamp('17-7月 -20 09.56.17.304000000 上午','DD-MON-RR HH.MI.SSXFF AM'),'tom','0:0:0:0:0:0:0:1','/permission/findAll.do',3,'[类名]com.jlyk.controller.PermissionController[方法名]findAll');
Insert into SSM.SYSLOG (ID,VISITTIME,USERNAME,IP,URL,EXECUTIONTIME,METHOD) values ('70A2B5F310544608B4B1565BB84A07EC',to_timestamp('17-7月 -20 09.56.22.231000000 上午','DD-MON-RR HH.MI.SSXFF AM'),'tom','0:0:0:0:0:0:0:1','/product/findAll.do',20,'[类名]com.jlyk.controller.ProductController[方法名]findAll');
Insert into SSM.SYSLOG (ID,VISITTIME,USERNAME,IP,URL,EXECUTIONTIME,METHOD) values ('DECB4A21233F4B81BBCEF06B964EBF91',to_timestamp('17-7月 -20 09.56.30.055000000 上午','DD-MON-RR HH.MI.SSXFF AM'),'tom','0:0:0:0:0:0:0:1','/product/findAll.do',4,'[类名]com.jlyk.controller.ProductController[方法名]findAll');
Insert into SSM.SYSLOG (ID,VISITTIME,USERNAME,IP,URL,EXECUTIONTIME,METHOD) values ('82E469A9D5204E85A33FBCAE8F7B0D9B',to_timestamp('17-7月 -20 09.56.32.061000000 上午','DD-MON-RR HH.MI.SSXFF AM'),'tom','0:0:0:0:0:0:0:1','/orders/findAll.do',53,'[类名]com.jlyk.controller.OrderController[方法名]findAll');
Insert into SSM.SYSLOG (ID,VISITTIME,USERNAME,IP,URL,EXECUTIONTIME,METHOD) values ('3D336F52965E4F649E08D7F1A7333127',to_timestamp('17-7月 -20 09.56.35.084000000 上午','DD-MON-RR HH.MI.SSXFF AM'),'tom','0:0:0:0:0:0:0:1','/orders/findById',228,'[类名]com.jlyk.controller.OrderController[方法名]findById');
Insert into SSM.SYSLOG (ID,VISITTIME,USERNAME,IP,URL,EXECUTIONTIME,METHOD) values ('6865CF81088F47C0B5A2ABE9DC6FB0CF',to_timestamp('17-7月 -20 09.56.39.087000000 上午','DD-MON-RR HH.MI.SSXFF AM'),'tom','0:0:0:0:0:0:0:1','/orders/findAll.do',10,'[类名]com.jlyk.controller.OrderController[方法名]findAll');
Insert into SSM.SYSLOG (ID,VISITTIME,USERNAME,IP,URL,EXECUTIONTIME,METHOD) values ('695BBCE645DB422A863B961B1D947D0E',to_timestamp('17-7月 -20 10.44.09.770000000 上午','DD-MON-RR HH.MI.SSXFF AM'),'tom','0:0:0:0:0:0:0:1','/role/findAll.do',20,'[类名]com.jlyk.controller.RoleController[方法名]findAll');
Insert into SSM.SYSLOG (ID,VISITTIME,USERNAME,IP,URL,EXECUTIONTIME,METHOD) values ('50D33B27B57F48919EBE88DD7620F03C',to_timestamp('17-7月 -20 10.44.12.558000000 上午','DD-MON-RR HH.MI.SSXFF AM'),'tom','0:0:0:0:0:0:0:1','/orders/findAll.do',33,'[类名]com.jlyk.controller.OrderController[方法名]findAll');
Insert into SSM.SYSLOG (ID,VISITTIME,USERNAME,IP,URL,EXECUTIONTIME,METHOD) values ('FBC3C1D6AFC8492B95FE388E32DED778',to_timestamp('17-7月 -20 09.54.38.119000000 上午','DD-MON-RR HH.MI.SSXFF AM'),'tom','0:0:0:0:0:0:0:1','/user/findAll.do',21,'[类名]com.jlyk.controller.UserController[方法名]findAll');
Insert into SSM.SYSLOG (ID,VISITTIME,USERNAME,IP,URL,EXECUTIONTIME,METHOD) values ('CA50CB321BA8479E96F675F3C58E795C',to_timestamp('17-7月 -20 09.55.43.802000000 上午','DD-MON-RR HH.MI.SSXFF AM'),'tom','0:0:0:0:0:0:0:1','/user/findById.do',157,'[类名]com.jlyk.controller.UserController[方法名]findById');
Insert into SSM.SYSLOG (ID,VISITTIME,USERNAME,IP,URL,EXECUTIONTIME,METHOD) values ('DCEFC3C4D2D44D92A350199BB59F7254',to_timestamp('17-7月 -20 09.55.49.519000000 上午','DD-MON-RR HH.MI.SSXFF AM'),'tom','0:0:0:0:0:0:0:1','/user/findAll.do',2,'[类名]com.jlyk.controller.UserController[方法名]findAll');
Insert into SSM.SYSLOG (ID,VISITTIME,USERNAME,IP,URL,EXECUTIONTIME,METHOD) values ('118C37230C78479892625856EE0C26AB',to_timestamp('17-7月 -20 09.55.51.338000000 上午','DD-MON-RR HH.MI.SSXFF AM'),'tom','0:0:0:0:0:0:0:1','/user/findUserByIdAndAllRole.do',15,'[类名]com.jlyk.controller.UserController[方法名]findUserByIdAllRole');
Insert into SSM.SYSLOG (ID,VISITTIME,USERNAME,IP,URL,EXECUTIONTIME,METHOD) values ('381F0BFB8ACE48BC998B5A1ED51DE1A4',to_timestamp('17-7月 -20 09.55.52.823000000 上午','DD-MON-RR HH.MI.SSXFF AM'),'tom','0:0:0:0:0:0:0:1','/user/findAll.do',4,'[类名]com.jlyk.controller.UserController[方法名]findAll');
Insert into SSM.SYSLOG (ID,VISITTIME,USERNAME,IP,URL,EXECUTIONTIME,METHOD) values ('8B72784601F64CC09E3418F3EC31B5E2',to_timestamp('17-7月 -20 10.54.10.240000000 上午','DD-MON-RR HH.MI.SSXFF AM'),'tom','0:0:0:0:0:0:0:1','/user/findAll.do',30,'[类名]com.jlyk.controller.UserController[方法名]findAll');
Insert into SSM.SYSLOG (ID,VISITTIME,USERNAME,IP,URL,EXECUTIONTIME,METHOD) values ('3CED40D4495A45F2B931545AF49FB211',to_timestamp('17-7月 -20 10.54.12.916000000 上午','DD-MON-RR HH.MI.SSXFF AM'),'tom','0:0:0:0:0:0:0:1','/product/findAll.do',45,'[类名]com.jlyk.controller.ProductController[方法名]findAll');
REM INSERTING into SSM.TRAVELLER
SET DEFINE OFF;
Insert into SSM.TRAVELLER (ID,NAME,SEX,PHONENUM,CREDENTIALSTYPE,CREDENTIALSNUM,TRAVELLERTYPE) values ('3FE27DF2A4E44A6DBC5D0FE4651D3D3E','张龙','男','13333333333',0,'123456789009876543',0);
Insert into SSM.TRAVELLER (ID,NAME,SEX,PHONENUM,CREDENTIALSTYPE,CREDENTIALSNUM,TRAVELLERTYPE) values ('EE7A71FB6945483FBF91543DBE851960','张小龙','男','15555555555',0,'987654321123456789',1);
REM INSERTING into SSM.USERS
SET DEFINE OFF;
Insert into SSM.USERS (ID,EMAIL,USERNAME,PASSWORD,PHONENUM,STATUS) values ('218F046F6BCA4A79BCFED06069775F88','13@qq.com','lili','$2a$10$FkLmwDCBS2TKTslPhAthyu9SkZH.m6YgUd1kdLAppev6.jVGuo4hi','1120',1);
Insert into SSM.USERS (ID,EMAIL,USERNAME,PASSWORD,PHONENUM,STATUS) values ('111-222','tom@jxust.cn','tom','$2a$10$FkLmwDCBS2TKTslPhAthyu9SkZH.m6YgUd1kdLAppev6.jVGuo4hi','12222345678',1);
Insert into SSM.USERS (ID,EMAIL,USERNAME,PASSWORD,PHONENUM,STATUS) values ('666C60E1D5C640CBB78FF02DA330E911','798949136@qq.com','jike','$2a$10$FkLmwDCBS2TKTslPhAthyu9SkZH.m6YgUd1kdLAppev6.jVGuo4hi','1110',1);
REM INSERTING into SSM.USERS_ROLE
SET DEFINE OFF;
Insert into SSM.USERS_ROLE (USERID,ROLEID) values ('111-222','1111');
Insert into SSM.USERS_ROLE (USERID,ROLEID) values ('111-222','2222');
Insert into SSM.USERS_ROLE (USERID,ROLEID) values ('111-222','743D68A9CD0B489E8E94E9E30CC71AE9');
Insert into SSM.USERS_ROLE (USERID,ROLEID) values ('218F046F6BCA4A79BCFED06069775F88','2222');
Insert into SSM.USERS_ROLE (USERID,ROLEID) values ('218F046F6BCA4A79BCFED06069775F88','743D68A9CD0B489E8E94E9E30CC71AE9');
Insert into SSM.USERS_ROLE (USERID,ROLEID) values ('666C60E1D5C640CBB78FF02DA330E911','1111');
--------------------------------------------------------
--  DDL for Index PRODUCT
--------------------------------------------------------

  CREATE UNIQUE INDEX "SSM"."PRODUCT" ON "SSM"."PRODUCT" ("ID", "PRODUCTNUM") 
  PCTFREE 10 INITRANS 2 MAXTRANS 255 COMPUTE STATISTICS 
  STORAGE(INITIAL 65536 NEXT 1048576 MINEXTENTS 1 MAXEXTENTS 2147483645
  PCTINCREASE 0 FREELISTS 1 FREELIST GROUPS 1
  BUFFER_POOL DEFAULT FLASH_CACHE DEFAULT CELL_FLASH_CACHE DEFAULT)
  TABLESPACE "USERS" ;
--------------------------------------------------------
--  Constraints for Table PERMISSION
--------------------------------------------------------

  ALTER TABLE "SSM"."PERMISSION" ADD PRIMARY KEY ("ID")
  USING INDEX PCTFREE 10 INITRANS 2 MAXTRANS 255 COMPUTE STATISTICS 
  STORAGE(INITIAL 65536 NEXT 1048576 MINEXTENTS 1 MAXEXTENTS 2147483645
  PCTINCREASE 0 FREELISTS 1 FREELIST GROUPS 1
  BUFFER_POOL DEFAULT FLASH_CACHE DEFAULT CELL_FLASH_CACHE DEFAULT)
  TABLESPACE "USERS"  ENABLE;
--------------------------------------------------------
--  Constraints for Table USERS_ROLE
--------------------------------------------------------

  ALTER TABLE "SSM"."USERS_ROLE" ADD PRIMARY KEY ("USERID", "ROLEID")
  USING INDEX PCTFREE 10 INITRANS 2 MAXTRANS 255 COMPUTE STATISTICS 
  STORAGE(INITIAL 65536 NEXT 1048576 MINEXTENTS 1 MAXEXTENTS 2147483645
  PCTINCREASE 0 FREELISTS 1 FREELIST GROUPS 1
  BUFFER_POOL DEFAULT FLASH_CACHE DEFAULT CELL_FLASH_CACHE DEFAULT)
  TABLESPACE "USERS"  ENABLE;
--------------------------------------------------------
--  Constraints for Table ROLE_PERMISSION
--------------------------------------------------------

  ALTER TABLE "SSM"."ROLE_PERMISSION" ADD PRIMARY KEY ("PERMISSIONID", "ROLEID")
  USING INDEX PCTFREE 10 INITRANS 2 MAXTRANS 255 COMPUTE STATISTICS 
  STORAGE(INITIAL 65536 NEXT 1048576 MINEXTENTS 1 MAXEXTENTS 2147483645
  PCTINCREASE 0 FREELISTS 1 FREELIST GROUPS 1
  BUFFER_POOL DEFAULT FLASH_CACHE DEFAULT CELL_FLASH_CACHE DEFAULT)
  TABLESPACE "USERS"  ENABLE;
--------------------------------------------------------
--  Constraints for Table USERS
--------------------------------------------------------

  ALTER TABLE "SSM"."USERS" MODIFY ("EMAIL" NOT NULL ENABLE);
  ALTER TABLE "SSM"."USERS" ADD PRIMARY KEY ("ID")
  USING INDEX PCTFREE 10 INITRANS 2 MAXTRANS 255 COMPUTE STATISTICS 
  STORAGE(INITIAL 65536 NEXT 1048576 MINEXTENTS 1 MAXEXTENTS 2147483645
  PCTINCREASE 0 FREELISTS 1 FREELIST GROUPS 1
  BUFFER_POOL DEFAULT FLASH_CACHE DEFAULT CELL_FLASH_CACHE DEFAULT)
  TABLESPACE "USERS"  ENABLE;
  ALTER TABLE "SSM"."USERS" ADD UNIQUE ("EMAIL")
  USING INDEX PCTFREE 10 INITRANS 2 MAXTRANS 255 COMPUTE STATISTICS 
  STORAGE(INITIAL 65536 NEXT 1048576 MINEXTENTS 1 MAXEXTENTS 2147483645
  PCTINCREASE 0 FREELISTS 1 FREELIST GROUPS 1
  BUFFER_POOL DEFAULT FLASH_CACHE DEFAULT CELL_FLASH_CACHE DEFAULT)
  TABLESPACE "USERS"  ENABLE;
--------------------------------------------------------
--  Constraints for Table ORDERS
--------------------------------------------------------

  ALTER TABLE "SSM"."ORDERS" MODIFY ("ORDERNUM" NOT NULL ENABLE);
  ALTER TABLE "SSM"."ORDERS" ADD PRIMARY KEY ("ID")
  USING INDEX PCTFREE 10 INITRANS 2 MAXTRANS 255 COMPUTE STATISTICS 
  STORAGE(INITIAL 65536 NEXT 1048576 MINEXTENTS 1 MAXEXTENTS 2147483645
  PCTINCREASE 0 FREELISTS 1 FREELIST GROUPS 1
  BUFFER_POOL DEFAULT FLASH_CACHE DEFAULT CELL_FLASH_CACHE DEFAULT)
  TABLESPACE "USERS"  ENABLE;
  ALTER TABLE "SSM"."ORDERS" ADD UNIQUE ("ORDERNUM")
  USING INDEX PCTFREE 10 INITRANS 2 MAXTRANS 255 COMPUTE STATISTICS 
  STORAGE(INITIAL 65536 NEXT 1048576 MINEXTENTS 1 MAXEXTENTS 2147483645
  PCTINCREASE 0 FREELISTS 1 FREELIST GROUPS 1
  BUFFER_POOL DEFAULT FLASH_CACHE DEFAULT CELL_FLASH_CACHE DEFAULT)
  TABLESPACE "USERS"  ENABLE;
--------------------------------------------------------
--  Constraints for Table TRAVELLER
--------------------------------------------------------

  ALTER TABLE "SSM"."TRAVELLER" ADD PRIMARY KEY ("ID")
  USING INDEX PCTFREE 10 INITRANS 2 MAXTRANS 255 COMPUTE STATISTICS 
  STORAGE(INITIAL 65536 NEXT 1048576 MINEXTENTS 1 MAXEXTENTS 2147483645
  PCTINCREASE 0 FREELISTS 1 FREELIST GROUPS 1
  BUFFER_POOL DEFAULT FLASH_CACHE DEFAULT CELL_FLASH_CACHE DEFAULT)
  TABLESPACE "USERS"  ENABLE;
--------------------------------------------------------
--  Constraints for Table PRODUCT
--------------------------------------------------------

  ALTER TABLE "SSM"."PRODUCT" MODIFY ("PRODUCTNUM" NOT NULL ENABLE);
  ALTER TABLE "SSM"."PRODUCT" ADD PRIMARY KEY ("ID")
  USING INDEX PCTFREE 10 INITRANS 2 MAXTRANS 255 COMPUTE STATISTICS 
  STORAGE(INITIAL 65536 NEXT 1048576 MINEXTENTS 1 MAXEXTENTS 2147483645
  PCTINCREASE 0 FREELISTS 1 FREELIST GROUPS 1
  BUFFER_POOL DEFAULT FLASH_CACHE DEFAULT CELL_FLASH_CACHE DEFAULT)
  TABLESPACE "USERS"  ENABLE;
  ALTER TABLE "SSM"."PRODUCT" ADD CONSTRAINT "PRODUCT" UNIQUE ("ID", "PRODUCTNUM")
  USING INDEX PCTFREE 10 INITRANS 2 MAXTRANS 255 COMPUTE STATISTICS 
  STORAGE(INITIAL 65536 NEXT 1048576 MINEXTENTS 1 MAXEXTENTS 2147483645
  PCTINCREASE 0 FREELISTS 1 FREELIST GROUPS 1
  BUFFER_POOL DEFAULT FLASH_CACHE DEFAULT CELL_FLASH_CACHE DEFAULT)
  TABLESPACE "USERS"  ENABLE;
--------------------------------------------------------
--  Constraints for Table MEMBER
--------------------------------------------------------

  ALTER TABLE "SSM"."MEMBER" ADD PRIMARY KEY ("ID")
  USING INDEX PCTFREE 10 INITRANS 2 MAXTRANS 255 COMPUTE STATISTICS 
  STORAGE(INITIAL 65536 NEXT 1048576 MINEXTENTS 1 MAXEXTENTS 2147483645
  PCTINCREASE 0 FREELISTS 1 FREELIST GROUPS 1
  BUFFER_POOL DEFAULT FLASH_CACHE DEFAULT CELL_FLASH_CACHE DEFAULT)
  TABLESPACE "USERS"  ENABLE;
--------------------------------------------------------
--  Constraints for Table ROLE
--------------------------------------------------------

  ALTER TABLE "SSM"."ROLE" ADD PRIMARY KEY ("ID")
  USING INDEX PCTFREE 10 INITRANS 2 MAXTRANS 255 COMPUTE STATISTICS 
  STORAGE(INITIAL 65536 NEXT 1048576 MINEXTENTS 1 MAXEXTENTS 2147483645
  PCTINCREASE 0 FREELISTS 1 FREELIST GROUPS 1
  BUFFER_POOL DEFAULT FLASH_CACHE DEFAULT CELL_FLASH_CACHE DEFAULT)
  TABLESPACE "USERS"  ENABLE;
--------------------------------------------------------
--  Constraints for Table SYSLOG
--------------------------------------------------------

  ALTER TABLE "SSM"."SYSLOG" ADD PRIMARY KEY ("ID")
  USING INDEX PCTFREE 10 INITRANS 2 MAXTRANS 255 
  STORAGE(INITIAL 65536 NEXT 1048576 MINEXTENTS 1 MAXEXTENTS 2147483645
  PCTINCREASE 0 FREELISTS 1 FREELIST GROUPS 1
  BUFFER_POOL DEFAULT FLASH_CACHE DEFAULT CELL_FLASH_CACHE DEFAULT)
  TABLESPACE "USERS"  ENABLE;
--------------------------------------------------------
--  Constraints for Table ORDER_TRAVELLER
--------------------------------------------------------

  ALTER TABLE "SSM"."ORDER_TRAVELLER" ADD PRIMARY KEY ("ORDERID", "TRAVELLERID")
  USING INDEX PCTFREE 10 INITRANS 2 MAXTRANS 255 COMPUTE STATISTICS 
  STORAGE(INITIAL 65536 NEXT 1048576 MINEXTENTS 1 MAXEXTENTS 2147483645
  PCTINCREASE 0 FREELISTS 1 FREELIST GROUPS 1
  BUFFER_POOL DEFAULT FLASH_CACHE DEFAULT CELL_FLASH_CACHE DEFAULT)
  TABLESPACE "USERS"  ENABLE;
--------------------------------------------------------
--  Ref Constraints for Table ORDERS
--------------------------------------------------------

  ALTER TABLE "SSM"."ORDERS" ADD FOREIGN KEY ("PRODUCTID")
	  REFERENCES "SSM"."PRODUCT" ("ID") ENABLE;
  ALTER TABLE "SSM"."ORDERS" ADD FOREIGN KEY ("MEMBERID")
	  REFERENCES "SSM"."MEMBER" ("ID") ENABLE;
--------------------------------------------------------
--  Ref Constraints for Table ORDER_TRAVELLER
--------------------------------------------------------

  ALTER TABLE "SSM"."ORDER_TRAVELLER" ADD FOREIGN KEY ("ORDERID")
	  REFERENCES "SSM"."ORDERS" ("ID") ENABLE;
  ALTER TABLE "SSM"."ORDER_TRAVELLER" ADD FOREIGN KEY ("TRAVELLERID")
	  REFERENCES "SSM"."TRAVELLER" ("ID") ENABLE;
--------------------------------------------------------
--  Ref Constraints for Table ROLE_PERMISSION
--------------------------------------------------------

  ALTER TABLE "SSM"."ROLE_PERMISSION" ADD FOREIGN KEY ("PERMISSIONID")
	  REFERENCES "SSM"."PERMISSION" ("ID") ENABLE;
  ALTER TABLE "SSM"."ROLE_PERMISSION" ADD FOREIGN KEY ("ROLEID")
	  REFERENCES "SSM"."ROLE" ("ID") ENABLE;
--------------------------------------------------------
--  Ref Constraints for Table USERS_ROLE
--------------------------------------------------------

  ALTER TABLE "SSM"."USERS_ROLE" ADD FOREIGN KEY ("USERID")
	  REFERENCES "SSM"."USERS" ("ID") ENABLE;
  ALTER TABLE "SSM"."USERS_ROLE" ADD FOREIGN KEY ("ROLEID")
	  REFERENCES "SSM"."ROLE" ("ID") ENABLE;
